{
  "/img/pexels-adrien-olichon-1257089-3137038.jpg": {
    "src": "/img/pexels-adrien-olichon-1257089-3137038.jpg",
    "width": 4000,
    "height": 6000,
    "aspectRatio": 0.6666666666666666
  },
  "/img/pexels-adrien-olichon-1257089-3137047.jpg": {
    "src": "/img/pexels-adrien-olichon-1257089-3137047.jpg",
    "width": 4000,
    "height": 6000,
    "aspectRatio": 0.6666666666666666
  },
  "/img/pexels-ai25studio-8837511.jpg": {
    "src": "/img/pexels-ai25studio-8837511.jpg",
    "width": 6000,
    "height": 4000,
    "aspectRatio": 1.5
  },
  "/img/pexels-airamdphoto-27675599.jpg": {
    "src": "/img/pexels-airamdphoto-27675599.jpg",
    "width": 4000,
    "height": 6000,
    "aspectRatio": 0.6666666666666666
  },
  "/img/pexels-andrea-238542097-35392198.jpg": {
    "src": "/img/pexels-andrea-238542097-35392198.jpg",
    "width": 3024,
    "height": 4032,
    "aspectRatio": 0.75
  },
  "/img/pexels-artbovich-11701113.jpg": {
    "src": "/img/pexels-artbovich-11701113.jpg",
    "width": 5401,
    "height": 8102,
    "aspectRatio": 0.6666255245618365
  },
  "/img/pexels-artbovich-7166645.jpg": {
    "src": "/img/pexels-artbovich-7166645.jpg",
    "width": 7333,
    "height": 4894,
    "aspectRatio": 1.498365345320801
  },
  "/img/pexels-artbovich-7195739.jpg": {
    "src": "/img/pexels-artbovich-7195739.jpg",
    "width": 7360,
    "height": 4912,
    "aspectRatio": 1.498371335504886
  },
  "/img/pexels-artbovich-8089093.jpg": {
    "src": "/img/pexels-artbovich-8089093.jpg",
    "width": 7360,
    "height": 4912,
    "aspectRatio": 1.498371335504886
  },
  "/img/pexels-costa-17729218.jpg": {
    "src": "/img/pexels-costa-17729218.jpg",
    "width": 4000,
    "height": 6000,
    "aspectRatio": 0.6666666666666666
  },
  "/img/pexels-ezgi-arslanturk-karaman-48519538-11195363.jpg": {
    "src": "/img/pexels-ezgi-arslanturk-karaman-48519538-11195363.jpg",
    "width": 3072,
    "height": 4096,
    "aspectRatio": 0.75
  },
  "/img/pexels-francesco-ungaro-2058168.jpg": {
    "src": "/img/pexels-francesco-ungaro-2058168.jpg",
    "width": 6000,
    "height": 4000,
    "aspectRatio": 1.5
  },
  "/img/pexels-ganiyevart-15153700.jpg": {
    "src": "/img/pexels-ganiyevart-15153700.jpg",
    "width": 7360,
    "height": 4912,
    "aspectRatio": 1.498371335504886
  },
  "/img/pexels-googledeepmind-25626446.jpg": {
    "src": "/img/pexels-googledeepmind-25626446.jpg",
    "width": 7680,
    "height": 4320,
    "aspectRatio": 1.7777777777777777
  },
  "/img/pexels-itskhalidkhan-6259182.jpg": {
    "src": "/img/pexels-itskhalidkhan-6259182.jpg",
    "width": 3992,
    "height": 2242,
    "aspectRatio": 1.7805530776092775
  },
  "/img/pexels-ivan-s-4458200.jpg": {
    "src": "/img/pexels-ivan-s-4458200.jpg",
    "width": 7360,
    "height": 4912,
    "aspectRatio": 1.498371335504886
  },
  "/img/pexels-ivan-s-4458205.jpg": {
    "src": "/img/pexels-ivan-s-4458205.jpg",
    "width": 6495,
    "height": 4335,
    "aspectRatio": 1.4982698961937717
  },
  "/img/pexels-jonas-horsch-102497290-34303572.jpg": {
    "src": "/img/pexels-jonas-horsch-102497290-34303572.jpg",
    "width": 5152,
    "height": 7728,
    "aspectRatio": 0.6666666666666666
  },
  "/img/pexels-laup-1816030.jpg": {
    "src": "/img/pexels-laup-1816030.jpg",
    "width": 6000,
    "height": 4000,
    "aspectRatio": 1.5
  },
  "/img/pexels-macit-abdullah-2152400408-33643463.jpg": {
    "src": "/img/pexels-macit-abdullah-2152400408-33643463.jpg",
    "width": 6016,
    "height": 4000,
    "aspectRatio": 1.504
  },
  "/img/pexels-magda-ehlers-pexels-35009410.jpg": {
    "src": "/img/pexels-magda-ehlers-pexels-35009410.jpg",
    "width": 8103,
    "height": 5405,
    "aspectRatio": 1.4991674375578168
  },
  "/img/pexels-perqued-10919427.jpg": {
    "src": "/img/pexels-perqued-10919427.jpg",
    "width": 2000,
    "height": 2500,
    "aspectRatio": 0.8
  },
  "/img/pexels-perqued-9757618.jpg": {
    "src": "/img/pexels-perqued-9757618.jpg",
    "width": 2160,
    "height": 2700,
    "aspectRatio": 0.8
  },
  "/img/pexels-pixels-elements-16627387.jpg": {
    "src": "/img/pexels-pixels-elements-16627387.jpg",
    "width": 5800,
    "height": 7250,
    "aspectRatio": 0.8
  },
  "/img/pexels-pth686817-20588914.jpg": {
    "src": "/img/pexels-pth686817-20588914.jpg",
    "width": 5453,
    "height": 3635,
    "aspectRatio": 1.5001375515818431
  },
  "/img/pexels-rethaferguson-3825540.jpg": {
    "src": "/img/pexels-rethaferguson-3825540.jpg",
    "width": 4500,
    "height": 3214,
    "aspectRatio": 1.4001244555071561
  },
  "/img/pexels-rushipatel1210-32654150.jpg": {
    "src": "/img/pexels-rushipatel1210-32654150.jpg",
    "width": 2650,
    "height": 3312,
    "aspectRatio": 0.8001207729468599
  },
  "/img/pexels-shvets-production-9052461.jpg": {
    "src": "/img/pexels-shvets-production-9052461.jpg",
    "width": 6000,
    "height": 4000,
    "aspectRatio": 1.5
  },
  "/img/pexels-sliceisop-2739074.jpg": {
    "src": "/img/pexels-sliceisop-2739074.jpg",
    "width": 3882,
    "height": 4852,
    "aspectRatio": 0.8000824402308326
  },
  "/img/pexels-srcharls-35614239.jpg": {
    "src": "/img/pexels-srcharls-35614239.jpg",
    "width": 4497,
    "height": 2584,
    "aspectRatio": 1.7403250773993808
  },
  "/img/pexels-thomas-parker-1272388137-31500951.jpg": {
    "src": "/img/pexels-thomas-parker-1272388137-31500951.jpg",
    "width": 4000,
    "height": 6000,
    "aspectRatio": 0.6666666666666666
  },
  "/img/pexels-tima-miroshnichenko-6615234.jpg": {
    "src": "/img/pexels-tima-miroshnichenko-6615234.jpg",
    "width": 6000,
    "height": 4000,
    "aspectRatio": 1.5
  },
  "/img/pexels-unlime-8262182.jpg": {
    "src": "/img/pexels-unlime-8262182.jpg",
    "width": 3000,
    "height": 4000,
    "aspectRatio": 0.75
  },
  "/img/pexels-yunuserentk-10026713.jpg": {
    "src": "/img/pexels-yunuserentk-10026713.jpg",
    "width": 2160,
    "height": 2700,
    "aspectRatio": 0.8
  },
  "/img/pexels-zulfugarkarimov-33719839.jpg": {
    "src": "/img/pexels-zulfugarkarimov-33719839.jpg",
    "width": 6000,
    "height": 4000,
    "aspectRatio": 1.5
  }
}
